<?xml version="1.0" encoding="UTF-8"?>
<beans xmlns="http://www.springframework.org/schema/beans"
	xmlns:xsi="http://www.w3.org/2001/XMLSchema-instance"
	xmlns:security="http://www.springframework.org/schema/security"
	xsi:schemaLocation="http://www.springframework.org/schema/security http://www.springframework.org/schema/security/spring-security-5.2.xsd
		http://www.springframework.org/schema/beans http://www.springframework.org/schema/beans/spring-beans.xsd">

	

	<security:http auto-config="true" use-expressions="true">
	    <security:csrf disabled="true"/>
	
	    <!-- 접근 제한 먼저 -->
	    <security:intercept-url pattern="/navbar/dashboard" access="hasRole('ROLE_ADMIN')"/>
	    
	    <!-- 정적 자원 허용 -->
	    <security:intercept-url pattern="/resources/**" access="permitAll"/>
	    
	    <!-- 로그인/등록 허용 -->
	    <security:intercept-url pattern="/admin/login" access="permitAll"/>
	    <security:intercept-url pattern="/admin/register" access="permitAll"/>
	    
	    <!-- 나머지 전체 허용 -->
	    <security:intercept-url pattern="/**" access="permitAll"/>
	
	    <security:form-login 
	        login-page="/admin/login"
	        login-processing-url="/login"
	        default-target-url="/navbar/dashboard"
	        authentication-failure-url="/admin/login?error=true"
	        username-parameter="username"
	        password-parameter="password"
	    />
	    <security:logout logout-success-url="/admin/login?logout=true" />
	</security:http>
	<security:authentication-manager>
	    <security:authentication-provider>
	        <security:user-service>
	            <security:user name="admin" password="{noop}1111" authorities="ROLE_ADMIN"/>
	        </security:user-service>
	    </security:authentication-provider>
	</security:authentication-manager>

</beans>
