<?xml version="1.0" encoding="UTF-8"?>
<beans xmlns="http://www.springframework.org/schema/beans"
   xmlns:xsi="http://www.w3.org/2001/XMLSchema-instance"
   xmlns:context="http://www.springframework.org/schema/context"
   xmlns:mybatis-spring="http://mybatis.org/schema/mybatis-spring"
   xmlns:security="http://www.springframework.org/schema/security"
   xsi:schemaLocation="http://www.springframework.org/schema/security http://www.springframework.org/schema/security/spring-security-5.2.xsd
      http://mybatis.org/schema/mybatis-spring http://mybatis.org/schema/mybatis-spring-1.2.xsd
      http://www.springframework.org/schema/beans https://www.springframework.org/schema/beans/spring-beans.xsd
      http://www.springframework.org/schema/context http://www.springframework.org/schema/context/spring-context-4.3.xsd">
   
   <!-- HikariCP configuration -->
   <bean id="hikariConfig" class="com.zaxxer.hikari.HikariConfig">
<!--       <property name="driverClassName" -->
<!--          value="oracle.jdbc.driver.OracleDriver"></property> -->
<!--       <property name="jdbcUrl" -->
<!--          value="jdbc:oracle:thin:@localhost:1521:XE"></property> -->
<!--       <property name="username" value="book_ex"></property> -->
<!--       <property name="password" value="book_ex"></property> -->

      <!-- ### ? 로그 표시 설정 후 -->
       <property name="driverClassName"
         value="net.sf.log4jdbc.sql.jdbcapi.DriverSpy"></property>
      <property name="jdbcUrl"
         value="jdbc:log4jdbc:oracle:thin:@localhost:1521:XE"></property>
      <property name="username" value="book_ex"></property>
      <property name="password" value="book_ex"></property>
   </bean>
   
   <!-- DataSource를 먼저 읽어서 ref=hikariConfig를 위의 id값과 맞춰서 처리 -->
   <bean id="dataSource" class="com.zaxxer.hikari.HikariDataSource"
      destroy-method="close">
      <constructor-arg ref="hikariConfig" />
   </bean>
   
   <!-- Mybatis configuration = 기존 위의 히카리CP에 dataSource빈 사용 -->
   <bean id="sqlSessionFactory"
      class="org.mybatis.spring.SqlSessionFactoryBean">
      <property name="dataSource" ref="dataSource"></property>
      <!-- ✅ 이 줄 추가! -->
      <property name="mapperLocations" value="classpath:/org/zerock/mapper/*.xml"/>
      <property name="typeAliasesPackage" value="org.zerock.domain" />
   </bean>
   
   <!-- Mapper 설정 = 지정된 패키지의 모든 Mybatis 관련 어노테이션을 찾아서 처리
                    => 자동으로 처리할 패키지 인식하는 방식으로 사용함 -->
   <mybatis-spring:scan base-package="org.zerock.mapper"/>
   
      
   <!-- Root Context: defines shared resources visible to all other web components -->
   <context:component-scan base-package="org.zerock.service"></context:component-scan>
   
   <!-- Component scan 설정 추가 -->
   <context:component-scan base-package="org.zerock.security" />
         
</beans>
